{"cameraMode":{"drawMode":0,"name":"Shaded","section":"Shading Mode"},"sceneLighting":false,"audioPlay":false,"sceneViewState":{"m_AlwaysRefresh":false,"showFog":true,"showSkybox":false,"showFlares":true,"showImageEffects":true,"showParticleSystems":true,"showVisualEffectGraphs":true,"m_FxEnabled":true},"in2DMode":false,"pivot":{"x":-2.086162567138672e-7,"y":0.26842451095581057,"z":0.021861761808395387},"rotation":{"x":-0.16962812840938569,"y":-0.5847658514976502,"z":0.12665700912475587,"w":-0.7831014394760132},"size":0.4632872939109802,"orthographic":false}