{"cameraMode":{"drawMode":0,"name":"Shaded","section":"Shading Mode"},"sceneLighting":false,"audioPlay":false,"sceneViewState":{"m_AlwaysRefresh":false,"showFog":true,"showSkybox":false,"showFlares":true,"showImageEffects":true,"showParticleSystems":true,"showVisualEffectGraphs":true,"m_FxEnabled":true},"in2DMode":false,"pivot":{"x":8.940696716308594e-8,"y":0.8830173015594482,"z":-0.12086904048919678},"rotation":{"x":-0.16699352860450746,"y":-0.7134223580360413,"z":0.18163751065731049,"w":-0.6558685302734375},"size":1.5314637422561646,"orthographic":false}